,Step,Stock_Flow,Filler_Flow,Steam_Pressure,Machine_Speed,Headbox_Pressure,Basis_Weight,Target_BW,BW_Upper_Limit,BW_Lower_Limit,Moisture,Ash,Caliper,Stabilization_Time,Off_Spec,Future_Basis_Weight,Future_Moisture,Future_Ash,Future_OffSpec,BW_Error,BW_Error_Percent,Distance_To_Upper,Distance_To_Lower,Basis_Weight_Lag1,Basis_Weight_Lag2,Stock_Flow_Lag1,Stock_Flow_Lag2,Steam_Pressure_Lag1,Steam_Pressure_Lag2,Machine_Speed_Lag1,Machine_Speed_Lag2,Moisture_Lag1,Moisture_Lag2,Ash_Lag1,Ash_Lag2,Caliper_Lag1,Caliper_Lag2,Stock_Flow_ROC,Steam_Pressure_ROC,Machine_Speed_ROC,Basis_Weight_ROC,Moisture_ROC,Basis_Weight_RollingMean,Moisture_RollingMean,Steam_Pressure_RollingMean,Machine_Speed_RollingMean,Basis_Weight_RollingStd,Moisture_RollingStd,Steam_Pressure_RollingStd,Machine_Speed_RollingStd,StockFlow_Deviation,Steam_Deviation,Speed_Deviation,Steam_x_Speed,Stock_x_Filler,Steam_per_Stock,Speed_per_Stock,Moisture_per_BW,Ash_per_BW,Transition_Progress,Near_OffSpec
Step,1.0,-0.06926080000084392,-0.06272860933195044,-0.06645217354287898,0.059770007842015326,-0.06891113530699104,-0.0539753776052312,1.1958651336940412e-16,8.427395176010511e-17,2.018597036743258e-16,-0.026091550552415205,-0.04024075684385828,-0.053416991620331165,-0.007651932456623264,-0.19706446199010444,-0.043028492886469406,-0.024551968444366783,-0.0438839295273826,-0.1817900781300952,-0.043896533946231796,-0.1703501143880665,0.04339121791158167,-0.044403335946883164,-0.05429786101868078,-0.05456826726137553,-0.06948485887683255,-0.06968030169113439,-0.066372935986491,-0.06623380189444039,0.05992263680904653,0.059966667907229515,-0.027644638177998424,-0.029707316282373587,-0.038640571139388145,-0.03744833413786777,-0.053206163036752796,-0.052987158861422114,0.0018884405697077802,-0.0025751045931615892,-0.0025242998154323348,-0.0019614035293588567,0.006272723030353297,-0.05608185232122282,-0.029963800708243504,-0.06734947688604695,0.06001131938524872,-0.2619797808475953,-0.08455935331796884,-0.06338950280345328,-0.0779271129790077,-0.04366662953612898,-0.04032098087874318,0.03705406369063039,-0.09897631936178512,-0.053820563576992,0.04145368249952036,0.0820952527407215,0.08696868131648537,0.07285924485259769,0.9999999999999959,-0.18471285531490192
Stock_Flow,-0.06926080000084392,1.0,0.9750025367090811,0.9772351220434705,-0.9650871709245243,0.9997757205882595,0.9771628212773507,0.22844165165628355,0.22844165165628416,0.2284416516562831,0.7687045548483136,0.3738976488131874,0.95235744026127,0.005992815169278662,0.17337116474446443,0.939772361965632,0.8084361488475492,0.3750448259929494,0.1803280360559753,0.6201396174950539,0.5567913611257398,-0.6086871703921085,0.6317136759926927,0.9692330289624792,0.9638070148783435,0.9875881207231382,0.987333403748245,0.977134558933321,0.9771791119690282,-0.9644286424500991,-0.9634474295110216,0.7525070552977251,0.7376446407588626,0.3940900977612168,0.39279290540389145,0.9415351751572177,0.9311565792291457,0.0849786698795971,0.0061703070516896386,-0.011530437898983321,0.1873655211745495,0.03913236431304198,0.9745393360214918,0.7896841232889747,0.9837639854509974,-0.9666040477956058,0.04949477856791384,0.020349045231656468,-0.008819372451216395,0.002004768733216571,0.6045366922747297,0.5937517857754074,-0.6244045593754065,0.8200616950047211,0.986460354376686,-0.6139318970732113,-0.9932292540982346,-0.979652005025106,-0.9731968044705537,-0.06926080000084411,0.16911944085405498
Filler_Flow,-0.06272860933195044,0.9750025367090811,1.0,0.9783469248938276,-0.9860701192466373,0.975079579601421,0.9814710646195793,0.25075196718563386,0.25075196718563525,0.25075196718563497,0.7794823818510079,0.5297805449806569,0.9583427484642343,0.021690764444537384,0.1455359169423115,0.9473407308789045,0.8193780779419477,0.48706157383397125,0.15674827904998603,0.6065955866173326,0.5502912545004922,-0.5948777632571262,0.6184443896182739,0.9760571618248092,0.9703750685672771,0.9747574675683786,0.9737628666793336,0.9771626026148565,0.9763905387909636,-0.9844183677034481,-0.9829581831502763,0.7656584149443415,0.7508644064460566,0.5042393296172437,0.5031930997977503,0.9480455175319663,0.9375427082911256,0.00815122712422107,0.012004080953096838,-0.019435176490627773,0.14938878130346983,0.03293348108571806,0.9803624923646994,0.8032288262721871,0.9831048765102265,-0.9863592289502726,0.05725008355558597,0.025349025004364336,-0.013375069131049116,0.006519556522873634,0.6190111989994153,0.625791921064549,-0.6547259471461668,0.7680654905997137,0.9954254436807598,-0.49943302663628564,-0.9710178203649025,-0.9599888521057339,-0.9326488563251202,-0.06272860933195072,0.14272208756162325
Steam_Pressure,-0.06645217354287898,0.9772351220434705,0.9783469248938276,1.0,-0.9713949948363597,0.9772053192554451,0.9731747063964051,0.21641350782704172,0.2164135078270386,0.21641350782704002,0.7488740622688744,0.4555989233709766,0.9498622791830905,-0.06298272811320124,0.15222876308073305,0.9382056151725318,0.7936730683114093,0.4313234961731203,0.16310143008812505,0.6260871695208496,0.5603764305571407,-0.6147933860912999,0.6374974677999447,0.967926550507962,0.9623306609283498,0.9765721011218363,0.9757783556712594,0.9833350957016759,0.9829163565582659,-0.9713819140990024,-0.970288029626885,0.7408953546953727,0.7260979248603978,0.4535114262860041,0.45275603028660943,0.9396053004054039,0.9290412292161789,0.010775257407468986,0.09584413485021831,-0.006657484649896042,0.1474655298025141,0.018064551099010125,0.9723704417679373,0.7756885922661321,0.9928733927921549,-0.9732590302482063,0.05373745188916433,0.02323702697378367,-0.06012701163770611,0.005294163730711765,0.6248991199427681,0.6373014872777882,-0.6491078973928218,0.8571965579094282,0.9814714690438818,-0.4347181465130816,-0.9725352133137776,-0.9658015828377001,-0.9437543924471945,-0.06645217354287954,0.1488169593710937
Machine_Speed,0.059770007842015326,-0.9650871709245243,-0.9860701192466373,-0.9713949948363597,1.0,-0.9653305222606094,-0.9835780415778426,-0.1861864353955857,-0.1861864353955873,-0.18618643539558774,-0.7912183780774058,-0.5383708489032853,-0.961987396695757,0.003938519050875496,-0.14466158662245873,-0.9434151608931124,-0.8266497488661531,-0.5135455329304082,-0.1536614153920997,-0.6576450450658786,-0.604801657111674,0.6465587642662755,-0.668835595275397,-0.9780438131521585,-0.9732161155981716,-0.9653835863429512,-0.9654127961324217,-0.9724399469508196,-0.9727109603379389,0.9916689692050132,0.9912868442994665,-0.7763646801442513,-0.7622091397299036,-0.5362681222265087,-0.5349689534057509,-0.9522464492559404,-0.9424647320666921,-0.00461228300990547,0.0001779906147600475,0.07070949963443346,-0.15254538228392128,-0.035694645300272304,-0.9835928097712306,-0.815845784098619,-0.9791336553246603,0.9962170254722372,-0.06458083769593764,-0.026649594218902284,0.009273584802594234,0.021187678449216603,-0.5681122907056827,-0.5777152697066202,0.6116654620323487,-0.717490963843779,-0.9870235383250445,0.47858679047560715,0.9626383210211806,0.9489953594904866,0.922356172658527,0.05977000784201577,-0.1413716503994887
Headbox_Pressure,-0.06891113530699104,0.9997757205882595,0.975079579601421,0.9772053192554451,-0.9653305222606094,1.0,0.977226583033189,0.22827671196562105,0.22827671196562282,0.22827671196562402,0.7688352248840302,0.37496598684695104,0.9524416616632612,0.005907192776720228,0.17292482859134015,0.9398630643461579,0.8084816313165805,0.37600500237002565,0.1801077555209604,0.6203175069750109,0.5569863572426631,-0.6088661266713854,0.6318904320463302,0.9693049794555886,0.963873528566222,0.9874683830956003,0.9871751793606535,0.9771168768267379,0.9771876077900569,-0.9645969907361851,-0.9635945060743161,0.7525517470547051,0.737781710161799,0.39496722279378604,0.39375237968025817,0.9416252246371511,0.9312503338068199,0.08432401783447481,0.006108356486590698,-0.012086551164702425,0.18727130555326704,0.03937356616522975,0.9746058494497637,0.7898112604815488,0.9837507104014404,-0.9667905470547427,0.049533408922449146,0.02009615828742874,-0.008900963951235732,0.0019607338196618355,0.6044071744600945,0.5937632369526703,-0.6244551511505191,0.8193605303868039,0.9864762683605873,-0.6130298679280964,-0.9930193680322754,-0.9794637867079282,-0.9728739451817336,-0.06891113530699168,0.16878545130197029
Basis_Weight,-0.0539753776052312,0.9771628212773507,0.9814710646195793,0.9731747063964051,-0.9835780415778426,0.977226583033189,1.0,0.19735655531531968,0.19735655531531907,0.19735655531532062,0.8250591258700293,0.4743408529028378,0.9899520726064929,-0.0004418707969223031,0.15966389502769673,0.94535627057092,0.839325740102741,0.4549277584063873,0.16999060260065676,0.6624651946589731,0.6015175705815701,-0.6511124997042822,0.673927242149622,0.9982963289253333,0.995320129778604,0.9767908840397029,0.9765033037255211,0.973876355558521,0.9743822282228284,-0.9831868313945257,-0.9826611928423814,0.8124855675490007,0.799047185458779,0.4767798766088569,0.47793638384832227,0.9828187877096979,0.9745241629989978,0.007800196730817875,0.0016582027959592667,-0.010921689792143611,0.051230503028845506,0.02757501654576853,0.9967064120128765,0.8481443556168602,0.9808761050063017,-0.986073076867594,0.057981055011214325,0.02837191999318287,-0.015093061698851362,-0.01001340526292789,0.5707367065867004,0.5739327902938754,-0.6064414699920042,0.7538835603213918,0.9883860738611536,-0.5244838300435966,-0.9678325773320102,-0.9671946703998999,-0.9541342827779771,-0.05397537760523174,0.15423564708161125
Target_BW,1.1958651336940412e-16,0.22844165165628355,0.25075196718563386,0.21641350782704172,-0.1861864353955857,0.22827671196562105,0.19735655531531968,1.0,1.0,1.000000000000001,0.12790919721729146,0.20477113021728116,0.17560431823731992,0.0021934817029872116,0.009676082786987575,0.21998595511763785,0.1487121087168871,0.21916087511798574,0.010191195003910847,-0.6036175229832482,-0.6439970888047218,0.6155521001019439,-0.5912629223500705,0.1877424181065449,0.17808485843709204,0.2155640446140379,0.20266914556713703,0.2031033297638413,0.18979391397828507,-0.17250472807345862,-0.1588271984944553,0.12217519645845543,0.11658261831933363,0.19935093588925853,0.19406990641920932,0.1670785707930384,0.158541196227851,0.08263424919532698,0.07419688231085599,-0.10751119558079358,0.1314051042719887,0.013128927499348379,0.17313895312228145,0.11931007496723478,0.191100380020876,-0.15951736026564345,-0.043357423810800814,0.019899004875133616,-0.007143708561481096,-0.025585316477429954,0.7575625490318834,0.7611368281778073,-0.7912275607841037,0.2384516081184679,0.23627379706279628,-0.1695218440301251,-0.22483771646433803,-0.2184585210458008,-0.19360678693140557,1.8972328222152126e-16,0.019809795628716813
BW_Upper_Limit,8.427395176010511e-17,0.22844165165628416,0.25075196718563525,0.2164135078270386,-0.1861864353955873,0.22827671196562282,0.19735655531531907,1.0,1.0,1.0000000000000036,0.1279091972172918,0.2047711302172812,0.17560431823731884,0.0021934817029872593,0.009676082786987294,0.2199859551176371,0.1487121087168872,0.2191608751179863,0.010191195003910417,-0.6036175229832484,-0.6439970888047214,0.6155521001019384,-0.5912629223500753,0.1877424181065466,0.17808485843709007,0.21556404461403736,0.20266914556713753,0.20310332976384018,0.1897939139782845,-0.17250472807345835,-0.15882719849445567,0.12217519645845577,0.1165826183193339,0.1993509358892614,0.1940699064192102,0.16707857079303864,0.15854119622784987,0.0826342491953273,0.07419688231085624,-0.10751119558079356,0.13140510427198937,0.013128927499348353,0.173138953122283,0.11931007496723543,0.19110038002087681,-0.15951736026564478,-0.04335742381080073,0.019899004875133793,-0.007143708561480895,-0.02558531647743015,0.7575625490318747,0.7611368281778085,-0.7912275607841022,0.2384516081184685,0.2362737970627968,-0.16952184403012482,-0.22483771646433998,-0.21845852104580296,-0.1936067869314038,1.0021506400858474e-16,0.01980979562871651
BW_Lower_Limit,2.018597036743258e-16,0.2284416516562831,0.25075196718563497,0.21641350782704002,-0.18618643539558774,0.22827671196562402,0.19735655531532062,1.000000000000001,1.0000000000000036,1.0,0.12790919721729282,0.2047711302172828,0.17560431823732028,0.002193481702987209,0.009676082786987302,0.21998595511763952,0.1487121087168875,0.21916087511798582,0.010191195003910459,-0.6036175229832514,-0.643997088804722,0.6155521001019393,-0.5912629223500749,0.18774241810654677,0.17808485843709246,0.21556404461403933,0.20266914556713622,0.20310332976383874,0.18979391397828574,-0.17250472807345835,-0.15882719849445479,0.12217519645845588,0.11658261831933334,0.19935093588926192,0.19406990641921157,0.16707857079303898,0.15854119622785098,0.08263424919532804,0.07419688231085685,-0.10751119558079425,0.1314051042719892,0.013128927499348384,0.17313895312228278,0.11931007496723521,0.1911003800208761,-0.15951736026564395,-0.043357423810801,0.01989900487513385,-0.0071437085614811605,-0.025585316477429936,0.7575625490318771,0.7611368281778077,-0.7912275607840996,0.2384516081184701,0.2362737970627977,-0.1695218440301258,-0.22483771646433792,-0.21845852104580232,-0.19360678693140398,2.454971860611351e-16,0.019809795628716508
Moisture,-0.026091550552415205,0.7687045548483136,0.7794823818510079,0.7488740622688744,-0.7912183780774058,0.7688352248840302,0.8250591258700293,0.12790919721729146,0.1279091972172918,0.12790919721729282,1.0,0.40546492628240915,0.8473490306260336,0.02212062813566018,0.13534912096137816,0.7536708436195143,0.7582337833748668,0.3885515385485293,0.14998639509420814,0.5732573264249219,0.5305323784104057,-0.5642429338968492,0.5823474630951985,0.833109637588395,0.8390271685969121,0.7714740269966845,0.7735669744920927,0.7528300518128466,0.7558807868650768,-0.7929512612089237,-0.7940175127862534,0.926521804150646,0.8720227216048445,0.4070701605352076,0.4095899044414607,0.8504669757584292,0.8513223117614528,-0.01388820742246009,-0.016361188473948213,0.006451653126831384,-0.13342516245033553,0.18273979591030257,0.8280695099439009,0.9314155420527107,0.7605537680988499,-0.7966919619255347,0.03785908992892136,0.011353472136471547,0.03562847097197097,-0.028388363490358694,0.3728261099919824,0.37645243743064205,-0.41801949386473164,0.5022667260475583,0.7879135974192524,-0.46661256220693564,-0.7566562289735541,-0.7236206348328837,-0.76733079988087,-0.026091550552415525,0.12495324228274796
Ash,-0.04024075684385828,0.3738976488131874,0.5297805449806569,0.4555989233709766,-0.5383708489032853,0.37496598684695104,0.4743408529028378,0.20477113021728116,0.2047711302172812,0.2047711302172828,0.40546492628240915,1.0,0.47128221854632946,0.03648325321136384,-0.04759331448152202,0.46330612660461784,0.41814169566756987,0.7010417118447747,-0.024041576767645866,0.229296951584001,0.23598085945570219,-0.22279067313768533,0.2359011849477359,0.4752268738163329,0.4744640023102966,0.38052768456600256,0.3832769752011556,0.4524172402975548,0.44931613717062824,-0.5353748261426301,-0.5319442280406843,0.4028977188910547,0.3990213295142728,0.879073374157485,0.8064866609162139,0.4684225877767341,0.46469328299140106,-0.039059669796558456,0.019343940968595156,-0.02734578449371348,-0.0006625172904483351,0.00485247300702673,0.4741799817665452,0.4237156104245964,0.4521770832881511,-0.5343816269974717,0.06052121255151628,0.03478649475129629,-0.021403309725491173,0.017878145576710518,0.3765186935362117,0.4338876702876371,-0.4352032086371474,0.15100172598509326,0.48864848925481374,0.13498035845037581,-0.3742622742542322,-0.3699720273940566,-0.25367211055084804,-0.04024075684385784,-0.04265885273572984
Caliper,-0.053416991620331165,0.95235744026127,0.9583427484642343,0.9498622791830905,-0.961987396695757,0.9524416616632612,0.9899520726064929,0.17560431823731992,0.17560431823731884,0.17560431823732028,0.8473490306260336,0.47128221854632946,1.0,-0.0021207655078736417,0.16713298843521454,0.9210401289956986,0.832266017269926,0.44270257953530934,0.17885157272355814,0.6709148751588117,0.6108780788687311,-0.6598756619307602,0.6820541460345995,0.9942980838819095,0.9968261738588876,0.9540579589684831,0.9552520009327745,0.9513368658509364,0.9525805225291948,-0.9627687239207209,-0.9632364330250011,0.8415635689049082,0.8339111702618288,0.47233447515419696,0.47363094746192386,0.998883752999733,0.9959554962946758,-0.005836223792209446,-0.002724233890541009,-0.00228393821815608,-0.05800297781525271,0.00898188235993761,0.9911454530672845,0.8791467053978751,0.9588629346793505,-0.9665130816467676,0.051060295047998853,0.02931643973953835,-0.015351173005712176,-0.006940517398790446,0.539414726955365,0.5442054218588398,-0.57660744148375,0.7326079180709357,0.9641660868011115,-0.5066006110572818,-0.9444934355129541,-0.952628073363675,-0.9446063422775476,-0.053416991620331596,0.16010338915925146
Stabilization_Time,-0.007651932456623264,0.005992815169278662,0.021690764444537384,-0.06298272811320124,0.003938519050875496,0.005907192776720228,-0.0004418707969223031,0.0021934817029872116,0.0021934817029872593,0.002193481702987209,0.02212062813566018,0.03648325321136384,-0.0021207655078736417,1.0,0.016992325853301505,-0.0010753394661532118,0.0061525107020643415,0.0007532258393796196,0.007821864062988501,-0.002035446859280078,-0.00033431797926830923,0.0020534355739189472,-0.0020165609135188037,-0.0022749808479433503,-0.002437175876507985,0.0005509157797560599,9.340011718196225e-05,-0.0011140310427033098,-0.0016259807163556041,0.0030126580476397837,0.0021676468198932475,-0.0032890659398793296,-0.006436510771621553,-0.005905206355576616,-0.00035236212192405847,-0.0029582499563373305,-0.0029745765664210746,0.03485119792528994,-0.33486705620938817,0.006680546609212248,0.023954497094360868,0.06549940825886368,-0.00152963703364768,0.0005473361368104231,-0.013810143358005577,0.002694403411410565,0.02269054320377257,0.0013857176185559873,0.20855965768843146,0.016940558257706857,0.008021008794436986,-0.0346707558026563,-0.00211702631130662,-0.15007605442926147,0.014161782385150387,-0.23870501217258006,-0.0014811795318879675,0.004090510122328108,0.005670531707826994,-0.007651932456623278,0.016946671450182547
Off_Spec,-0.19706446199010444,0.17337116474446443,0.1455359169423115,0.15222876308073305,-0.14466158662245873,0.17292482859134015,0.15966389502769673,0.009676082786987575,0.009676082786987294,0.009676082786987302,0.13534912096137816,-0.04759331448152202,0.16713298843521454,0.016992325853301505,1.0,0.1003203942667448,0.11442749659960412,-0.05742797564502494,0.5875471432923718,0.12245608864737877,0.1344157621264534,-0.1208637175796578,0.12405686694180551,0.1609878360403825,0.16361336353348077,0.1754352038449451,0.1773754582396163,0.15486841404578566,0.15806288216346548,-0.14717248133417923,-0.14975018791947944,0.13673226021508558,0.13977783290373652,-0.04231566319271714,-0.035245152692293995,0.16885725610688332,0.17127165520336643,-0.012367723206620402,-0.013592866409734164,0.018810048484069603,-0.020652520162525,-0.004094010143060046,0.1653545260478652,0.14889383042641074,0.15939657174347183,-0.15016772632186542,0.008020162135854879,-0.005009884395804171,0.03435122449929183,0.015884431850704196,0.1089885806884706,0.08916998610725764,-0.1036356806319841,0.1641539158421236,0.14675677223248226,-0.19048038404696999,-0.19227453600055677,-0.19801030794913832,-0.21349458283407835,-0.19706446199010574,0.8987453788468981
Future_Basis_Weight,-0.043028492886469406,0.939772361965632,0.9473407308789045,0.9382056151725318,-0.9434151608931124,0.9398630643461579,0.94535627057092,0.21998595511763785,0.2199859551176371,0.21998595511763952,0.7536708436195143,0.46330612660461784,0.9210401289956986,-0.0010753394661532118,0.1003203942667448,1.0,0.8330744984735434,0.47033559687942267,0.1584167379953239,0.6007334970687467,0.5426597044497125,-0.5896641140608244,0.6119201101740307,0.9397555248639108,0.9337888806809251,0.9387245767044442,0.9377220805840767,0.9375965792528346,0.9365350788132004,-0.942008768156847,-0.9405730729468157,0.7396723411624446,0.7245373860651809,0.4615449518390097,0.45950558333729946,0.910408171110631,0.8993967759314047,0.012845069397487635,0.008674661326728856,-0.017240618099501104,0.14749687436499775,0.03336254424014281,0.9429930339234225,0.7744883009990726,0.9428321955749204,-0.9436794094933714,0.056352673025339535,0.02906069231757633,-0.014522794001185746,0.0006383481531713444,0.569332845062625,0.574115633688115,-0.6034020054118102,0.7343787076526744,0.9526723266191618,-0.49582601456958914,-0.9289602000318801,-0.9174788012139767,-0.8988333347776132,-0.04302849288646988,0.09678578611586916
Future_Moisture,-0.024551968444366783,0.8084361488475492,0.8193780779419477,0.7936730683114093,-0.8266497488661531,0.8084816313165805,0.839325740102741,0.1487121087168871,0.1487121087168872,0.1487121087168875,0.7582337833748668,0.41814169566756987,0.832266017269926,0.0061525107020643415,0.11442749659960412,0.8330744984735434,1.0,0.40751367314132725,0.13845081117217392,0.5689639758881178,0.5254125215360805,-0.5596061821815813,0.5784065311863141,0.8386324354016949,0.8368628201828516,0.8092261159631668,0.8096916624456764,0.795771728791981,0.7968127506924382,-0.8267490277980645,-0.8266805814848057,0.7359530940288397,0.7181999350109665,0.4169254165859943,0.41557757273545587,0.8269465976529558,0.820619810266716,-0.0005034583253970222,-0.006867370525235158,-0.005223441086556129,0.039672482263923885,0.053774990058850204,0.8388865938783285,0.7651416466344008,0.8016025225610607,-0.8294346046090312,0.05634814021440607,0.023602093308249073,-0.014535037808794886,-0.008113691159520011,0.4087594334924942,0.4143145565412522,-0.4524631612391462,0.5546261889375234,0.8278177334630448,-0.4693514137646449,-0.7949041253766576,-0.7824504563160485,-0.7815511984678964,-0.0245519684443668,0.10829695140359002
Future_Ash,-0.0438839295273826,0.3750448259929494,0.48706157383397125,0.4313234961731203,-0.5135455329304082,0.37600500237002565,0.4549277584063873,0.21916087511798574,0.2191608751179863,0.21916087511798582,0.3885515385485293,0.7010417118447747,0.44270257953530934,0.0007532258393796196,-0.05742797564502494,0.47033559687942267,0.40751367314132725,1.0,-0.0482201218739526,0.20251335687133112,0.2129855088154512,-0.19604367493941197,0.20908642511683362,0.45136497252764374,0.4473480834981811,0.37299142085325776,0.3697623909264626,0.42777980390245257,0.4237263932994453,-0.5100557937492451,-0.5066363188184282,0.38543218335782964,0.3796898289959071,0.6866133192209308,0.6789539087733812,0.4372060033402224,0.431505142115858,0.015129888728789176,0.0213614108068158,-0.03153004616263735,0.07519720264719468,0.006537715622793861,0.44959049951443947,0.4031857713435979,0.4265096907687476,-0.5084495136888995,0.078755802090511,0.0345210817971453,-0.004707771196358731,0.024803747435829037,0.3834515044591058,0.425135203323382,-0.42803473695733063,0.13440588008223683,0.46564341156249445,0.0437089441628964,-0.3675825351174821,-0.35509864231068733,-0.2814440068787662,-0.043883929527382605,-0.04645341793470482
Future_OffSpec,-0.1817900781300952,0.1803280360559753,0.15674827904998603,0.16310143008812505,-0.1536614153920997,0.1801077555209604,0.16999060260065676,0.010191195003910847,0.010191195003910417,0.010191195003910459,0.14998639509420814,-0.024041576767645866,0.17885157272355814,0.007821864062988501,0.5875471432923718,0.1584167379953239,0.13845081117217392,-0.0482201218739526,1.0,0.1304608776443966,0.13809527462521157,-0.12876663231683488,0.1321640280579664,0.1729185930408982,0.1756937514842467,0.18293163311279137,0.1855157536500252,0.16547804365139118,0.16816320825949269,-0.15637226352871023,-0.15928194518279112,0.15267467017798605,0.1537894477622608,-0.020307115840622017,-0.019355156459131644,0.18117732257898975,0.1833686687237502,-0.015491438483270085,-0.01173741864016544,0.01998401761749381,-0.03627881284390047,-0.008125203331256051,0.17615850221280976,0.163903819296182,0.16955953346360877,-0.15957592717505575,0.03736495302685087,0.007355186799806958,0.039333858355256074,0.009855173067949793,0.11561951675424186,0.0975310506521656,-0.11138807572485541,0.17253194419629617,0.15759695582754904,-0.17438334756697943,-0.19536485030687525,-0.2017581263051087,-0.2144447419792094,-0.18179007813009693,0.5234243031333591
BW_Error,-0.043896533946231796,0.6201396174950539,0.6065955866173326,0.6260871695208496,-0.6576450450658786,0.6203175069750109,0.6624651946589731,-0.6036175229832482,-0.6036175229832484,-0.6036175229832514,0.5732573264249219,0.229296951584001,0.6709148751588117,-0.002035446859280078,0.12245608864737877,0.6007334970687467,0.5689639758881178,0.20251335687133112,0.1304608776443966,1.0,0.9812880487955717,-0.9998866665633642,0.999881317485867,0.6684260207668576,0.6733851185146726,0.6296771900775205,0.639296580776138,0.6368283941541982,0.647409817239971,-0.6677813739483147,-0.6778051840207177,0.5674131075283659,0.5607574896679697,0.23542222304548827,0.24039812397328145,0.6716282992464996,0.6714061254985089,-0.05679895267322697,-0.055346875273622816,0.07326934958470123,-0.05874526901411154,0.012393825549241906,0.6782918128521734,0.5986026172113295,0.6516927909006355,-0.6800525980651522,0.08028457413077221,0.00786876047251413,-0.006816066213303786,0.01140669510309395,-0.1147070999121397,-0.11483900612000189,0.11139366412980828,0.4309045574047168,0.623282436112841,-0.2970114520535224,-0.6153054584635924,-0.619661149222606,-0.6280292800539261,-0.04389653394623212,0.1102980706155377
BW_Error_Percent,-0.1703501143880665,0.5567913611257398,0.5502912545004922,0.5603764305571407,-0.604801657111674,0.5569863572426631,0.6015175705815701,-0.6439970888047218,-0.6439970888047214,-0.643997088804722,0.5305323784104057,0.23598085945570219,0.6108780788687311,-0.00033431797926830923,0.1344157621264534,0.5426597044497125,0.5254125215360805,0.2129855088154512,0.13809527462521157,0.9812880487955717,1.0,-0.9821526112457744,0.980173051507265,0.6078427679115869,0.6132555896653425,0.5667708298080864,0.576811253168889,0.5713257389292616,0.582122271122913,-0.6153180728068022,-0.6257173937697529,0.5256840992416965,0.5201360666048754,0.24138359319963604,0.2457858351705559,0.6121788851093466,0.6126321403519762,-0.060023560371387036,-0.05678587515533414,0.07669793807152361,-0.06326397696535951,0.01012077046795966,0.6186751676000269,0.555898350958187,0.5860220098158525,-0.6277996895502866,0.10119018364195134,0.01231331094675498,0.004109069576213083,0.027239646450193996,-0.17003032745259936,-0.17012394723656674,0.17088095077910298,0.3582476063552573,0.5623665332091028,-0.271594149648028,-0.5577326244905886,-0.5604247934224231,-0.5652955222025187,-0.1703501143880682,0.12115392898330125
Distance_To_Upper,0.04339121791158167,-0.6086871703921085,-0.5948777632571262,-0.6147933860912999,0.6465587642662755,-0.6088661266713854,-0.6511124997042822,0.6155521001019439,0.6155521001019384,0.6155521001019393,-0.5642429338968492,-0.22279067313768533,-0.6598756619307602,0.0020534355739189472,-0.1208637175796578,-0.5896641140608244,-0.5596061821815813,-0.19604367493941197,-0.12876663231683488,-0.9998866665633642,-0.9821526112457744,1.0,-0.9995360566725415,-0.6571862526674055,-0.6622706286433969,-0.6183581205663182,-0.6281102735326946,-0.6256623007431387,-0.6363732390126715,0.6568367620767812,0.6670034574514211,-0.5585742667816929,-0.5521008706394638,-0.22894778364745597,-0.23396612676200282,-0.66074186626062,-0.6606834624688892,0.057705503821681055,0.05611081810779972,-0.07445605609285667,0.06055036174135456,-0.012003238408093714,-0.6672142336463104,-0.5894588401299579,-0.640582238941428,0.6692119679155929,-0.08017910036608926,-0.007402423443743349,0.0066027072845671496,-0.011758517639400536,0.1276918022906311,0.1278896836530725,-0.1250522101726239,-0.4214414750089523,-0.611645914915583,0.29039129349742304,0.6039767134969852,0.6084027228234521,0.6171438023638367,0.04339121791158164,-0.10865430060357803
Distance_To_Lower,-0.044403335946883164,0.6317136759926927,0.6184443896182739,0.6374974677999447,-0.668835595275397,0.6318904320463302,0.673927242149622,-0.5912629223500705,-0.5912629223500753,-0.5912629223500749,0.5823474630951985,0.2359011849477359,0.6820541460345995,-0.0020165609135188037,0.12405686694180551,0.6119201101740307,0.5784065311863141,0.20908642511683362,0.1321640280579664,0.999881317485867,0.980173051507265,-0.9995360566725415,1.0,0.6797711085723814,0.6846008422263195,0.6411125218141092,0.650593796228977,0.6481055034621157,0.6585519073376508,-0.6788245721577791,-0.6886998118871385,0.5763249690010965,0.5694844408298377,0.24199243734887704,0.24692373846600482,0.6826110588062726,0.6822213472354969,-0.05585792743190292,-0.054552125488017196,0.07203776930938167,-0.05688428661984731,0.012790614967477318,0.689468613539494,0.6078192088696593,0.6629095751575581,-0.6909865095768359,0.08037366857646072,0.008344128525218384,-0.007032802372270094,0.011043989471806523,-0.10139260689017611,-0.10145696809275162,0.09739038729160568,0.4404872542482886,0.6350441248166236,-0.3037163319767055,-0.6267540638029162,-0.6310367736807238,-0.6390212929592778,-0.044403335946883206,0.1119542997501856
Basis_Weight_Lag1,-0.05429786101868078,0.9692330289624792,0.9760571618248092,0.967926550507962,-0.9780438131521585,0.9693049794555886,0.9982963289253333,0.1877424181065449,0.1877424181065466,0.18774241810654677,0.833109637588395,0.4752268738163329,0.9942980838819095,-0.0022749808479433503,0.1609878360403825,0.9397555248639108,0.8386324354016949,0.45136497252764374,0.1729185930408982,0.6684260207668576,0.6078427679115869,-0.6571862526674055,0.6797711085723814,1.0,0.9982904328142594,0.9729761820638164,0.9725925546501335,0.9688661399817552,0.9695868007690882,-0.9792786598814676,-0.9788940204334025,0.8227243653707124,0.8101907370642049,0.47243023766798187,0.4750554166879006,0.9891839680077992,0.9820244233829287,-0.01830521460316121,0.00032772919603492524,0.0016679071370617404,0.00031117560681435605,0.021831821411914212,0.9968202635853178,0.85771580531779,0.9760677977197247,-0.9820273007878255,0.055968902442158,0.028621172690502333,-0.015297317522872634,-0.009463475318552147,0.5586304586985029,0.5637025132171908,-0.5955814533199603,0.7503111607653429,0.9816794225572905,-0.5112643692362472,-0.9609575826015367,-0.9640830961366527,-0.9523908372152137,-0.05429786101868112,0.15506922367324322
Basis_Weight_Lag2,-0.05456826726137553,0.9638070148783435,0.9703750685672771,0.9623306609283498,-0.9732161155981716,0.963873528566222,0.995320129778604,0.17808485843709204,0.17808485843709007,0.17808485843709246,0.8390271685969121,0.4744640023102966,0.9968261738588876,-0.002437175876507985,0.16361336353348077,0.9337888806809251,0.8368628201828516,0.4473480834981811,0.1756937514842467,0.6733851185146726,0.6132555896653425,-0.6622706286433969,0.6846008422263195,0.9982904328142594,1.0,0.9650222702017757,0.9687506583298889,0.96359098525765,0.964553641385416,-0.973719649580303,-0.9749596389419389,0.830783749501957,0.8204427675993061,0.4733055347833773,0.47071019758944305,0.9935477198774018,0.9884133362394781,-0.0023352677437343755,-0.001456479901853933,-0.0039387585127618,-0.018733492581353938,0.016221281817802472,0.9962894051963814,0.8665998715314813,0.9709602453661691,-0.9776783404021145,0.0539933090564314,0.02880026002536964,-0.015369803702879258,-0.008274307951803004,0.5480796517467242,0.5532354167515612,-0.5851307136032112,0.744606598926556,0.9760411256491206,-0.5091215003704337,-0.9558230117376952,-0.9599434918662122,-0.9496141181441466,-0.05456826726137568,0.15739269338350628
Stock_Flow_Lag1,-0.06948485887683255,0.9875881207231382,0.9747574675683786,0.9765721011218363,-0.9653835863429512,0.9874683830956003,0.9767908840397029,0.2155640446140379,0.21556404461403736,0.21556404461403933,0.7714740269966845,0.38052768456600256,0.9540579589684831,0.0005509157797560599,0.1754352038449451,0.9387245767044442,0.8092261159631668,0.37299142085325776,0.18293163311279137,0.6296771900775205,0.5667708298080864,-0.6183581205663182,0.6411125218141092,0.9729761820638164,0.9650222702017757,1.0,0.9876205054569764,0.9771597753469727,0.9770755789796285,-0.9650317496841396,-0.9643919299274392,0.7566990661758268,0.7405989624422165,0.37013911471545424,0.39049351604792254,0.9439618178368315,0.9331155453374993,-0.0722683299674841,0.0024108720057910062,-0.009166214643073909,0.12600826128479126,0.03541570070138263,0.9760140726626785,0.7929660477380024,0.9838313549868374,-0.9674814802344518,0.05009039379112256,0.020422295413913133,-0.008852099038418482,0.00196483609207594,0.5859134228203857,0.5828046041829168,-0.6135929551737681,0.8179432429333223,0.9803914313107036,-0.5670032462532861,-0.9857158623341532,-0.9788085480656745,-0.971930977341621,-0.06948485887683283,0.17096547621149924
Stock_Flow_Lag2,-0.06968030169113439,0.987333403748245,0.9737628666793336,0.9757783556712594,-0.9654127961324217,0.9871751793606535,0.9765033037255211,0.20266914556713703,0.20266914556713753,0.20266914556713622,0.7735669744920927,0.3832769752011556,0.9552520009327745,9.340011718196225e-05,0.1773754582396163,0.9377220805840767,0.8096916624456764,0.3697623909264626,0.1855157536500252,0.639296580776138,0.576811253168889,-0.6281102735326946,0.650593796228977,0.9725925546501335,0.9687506583298889,0.9876205054569764,1.0,0.9765000252512124,0.9771117558558227,-0.9653119574879687,-0.9649743554455884,0.7594284902953213,0.7447624480175594,0.37672468913596074,0.36658097933098627,0.9456473738903689,0.9355266894894914,0.004498228559978391,0.0016739296750803555,-0.007229719023752355,0.12745531333880433,0.03374940209525722,0.9770971123654664,0.7960280522885982,0.9836048115558058,-0.9680691974132505,0.05023258043747778,0.02006015406635074,-0.00841577271866566,0.00264862537095268,0.5750032385782442,0.5718137438510039,-0.6026469639943738,0.815937569131931,0.9797195097984427,-0.568917155062388,-0.9856247085962414,-0.9781781651137196,-0.9713067972352124,-0.06968030169113448,0.17300534360258385
Steam_Pressure_Lag1,-0.066372935986491,0.977134558933321,0.9771626026148565,0.9833350957016759,-0.9724399469508196,0.9771168768267379,0.973876355558521,0.2031033297638413,0.20310332976384018,0.20310332976383874,0.7528300518128466,0.4524172402975548,0.9513368658509364,-0.0011140310427033098,0.15486841404578566,0.9375965792528346,0.795771728791981,0.42777980390245257,0.16547804365139118,0.6368283941541982,0.5713257389292616,-0.6256623007431387,0.6481055034621157,0.9688661399817552,0.96359098525765,0.9771597753469727,0.9765000252512124,1.0,0.9833693248171657,-0.9712857339402919,-0.9712825989865345,0.7366787310761421,0.7288142154412772,0.45167807293415974,0.44978510372105335,0.9413358351634757,0.9310517447654689,0.0064180706804950255,-0.0860643975503109,-0.015470999519906372,0.1439761618465626,0.039324522666949066,0.9735977993576995,0.777368455104523,0.9931384548832859,-0.97420041219588,0.053848880896498016,0.02281923841721655,-0.06008041697124415,0.006030496432241882,0.6139914063665968,0.6163959364316347,-0.6386897022282043,0.8139762073546806,0.9807601910496981,-0.4934715477259996,-0.9729650603556713,-0.9660256615962084,-0.945098368819169,-0.06637293598649087,0.15085355080958532
Steam_Pressure_Lag2,-0.06623380189444039,0.9771791119690282,0.9763905387909636,0.9829163565582659,-0.9727109603379389,0.9771876077900569,0.9743822282228284,0.18979391397828507,0.1897939139782845,0.18979391397828574,0.7558807868650768,0.44931613717062824,0.9525805225291948,-0.0016259807163556041,0.15806288216346548,0.9365350788132004,0.7968127506924382,0.4237263932994453,0.16816320825949269,0.647409817239971,0.582122271122913,-0.6363732390126715,0.6585519073376508,0.9695868007690882,0.964553641385416,0.9770755789796285,0.9771117558558227,0.9833693248171657,1.0,-0.9723396413590177,-0.9712104824291535,0.7406755315277738,0.7246523013514521,0.4484981070269293,0.4479487999514793,0.9428298079731753,0.9328025344138351,0.007234506402044787,0.002363740622586745,-0.009431710204488394,0.14082385929942337,0.036847046318481874,0.9746202879981419,0.779137870146874,0.9932218168234933,-0.9749419737652869,0.05390163447705023,0.022134734220303414,-0.06041200642359681,0.006079032481677663,0.6031302162287182,0.6053068229402121,-0.6277637098825987,0.8125458886679637,0.9803148220401906,-0.4952142092673378,-0.9731584005175832,-0.9661644563729244,-0.9461840797773985,-0.06623380189444072,0.15345089600955397
Machine_Speed_Lag1,0.05992263680904653,-0.9644286424500991,-0.9844183677034481,-0.9713819140990024,0.9916689692050132,-0.9645969907361851,-0.9831868313945257,-0.17250472807345862,-0.17250472807345835,-0.17250472807345835,-0.7929512612089237,-0.5353748261426301,-0.9627687239207209,0.0030126580476397837,-0.14717248133417923,-0.942008768156847,-0.8267490277980645,-0.5100557937492451,-0.15637226352871023,-0.6677813739483147,-0.6153180728068022,0.6568367620767812,-0.6788245721577791,-0.9792786598814676,-0.973719649580303,-0.9650317496841396,-0.9653119574879687,-0.9712857339402919,-0.9723396413590177,1.0,0.9917030578570961,-0.7789241961351993,-0.7641989319861521,-0.5345339632675868,-0.532628777104084,-0.9534247982163369,-0.9436577539617855,-0.0026673902302642963,-0.006045250401220191,-0.05792906852856553,-0.12830867186646383,-0.03353541318322937,-0.9842090899713969,-0.8179244293774118,-0.9789020726128884,0.9965725291053134,-0.06547454762289452,-0.025964099479661544,0.009882543642499582,0.020122644366337514,-0.5573225733314163,-0.5673973992523453,0.5956454518370021,-0.73158595702482,-0.9858128487599481,0.4762701475503293,0.959289535311493,0.9482937703276663,0.9224393554031358,0.05992263680904675,-0.1432354950159969
Machine_Speed_Lag2,0.059966667907229515,-0.9634474295110216,-0.9829581831502763,-0.970288029626885,0.9912868442994665,-0.9635945060743161,-0.9826611928423814,-0.1588271984944553,-0.15882719849445567,-0.15882719849445479,-0.7940175127862534,-0.5319442280406843,-0.9632364330250011,0.0021676468198932475,-0.14975018791947944,-0.9405730729468157,-0.8266805814848057,-0.5066363188184282,-0.15928194518279112,-0.6778051840207177,-0.6257173937697529,0.6670034574514211,-0.6886998118871385,-0.9788940204334025,-0.9749596389419389,-0.9643919299274392,-0.9649743554455884,-0.9712825989865345,-0.9712104824291535,0.9917030578570961,1.0,-0.7806405277843805,-0.7667487686841878,-0.531535394379643,-0.5308898358511615,-0.954213647240897,-0.9448448036571648,-0.0005007861265325185,-8.755472787911872e-05,0.003142746824825178,-0.12621246090453087,-0.03183954888294764,-0.98453079220995,-0.8198038230601882,-0.9783780316041936,0.9966779936629662,-0.06640081513942989,-0.026064279394901822,0.010213030831108832,0.01927145097345645,-0.5463615907088774,-0.5564509578253473,0.584571449750186,-0.729505697909294,-0.9845759232995918,0.47612855149967126,0.9585240214744601,0.9475312103131341,0.9224078399935012,0.05996666790722993,-0.14576633415869042
Moisture_Lag1,-0.027644638177998424,0.7525070552977251,0.7656584149443415,0.7408953546953727,-0.7763646801442513,0.7525517470547051,0.8124855675490007,0.12217519645845543,0.12217519645845577,0.12217519645845588,0.926521804150646,0.4028977188910547,0.8415635689049082,-0.0032890659398793296,0.13673226021508558,0.7396723411624446,0.7359530940288397,0.38543218335782964,0.15267467017798605,0.5674131075283659,0.5256840992416965,-0.5585742667816929,0.5763249690010965,0.8227243653707124,0.830783749501957,0.7566990661758268,0.7594284902953213,0.7366787310761421,0.7406755315277738,-0.7789241961351993,-0.7806405277843805,1.0,0.9272024483335621,0.40275251736881523,0.40454903167915435,0.8471073419339329,0.8502260245258825,-0.022993338495569157,0.028169268523608675,0.012947442130745808,-0.166460041783813,-0.19948206421533954,0.8186137335367619,0.9575726786070096,0.7469330226075919,-0.7830295360831797,0.03857637329919315,0.012708325495964443,0.02995517009352044,-0.025144714515861075,0.36055837220134157,0.3694074471575646,-0.4061267787469609,0.5078183175858233,0.7727196922696785,-0.42954672718853343,-0.7412503764479695,-0.7227586110322984,-0.7550956886154361,-0.027644638177998428,0.1259261324989081
Moisture_Lag2,-0.029707316282373587,0.7376446407588626,0.7508644064460566,0.7260979248603978,-0.7622091397299036,0.737781710161799,0.799047185458779,0.11658261831933363,0.1165826183193339,0.11658261831933334,0.8720227216048445,0.3990213295142728,0.8339111702618288,-0.006436510771621553,0.13977783290373652,0.7245373860651809,0.7181999350109665,0.3796898289959071,0.1537894477622608,0.5607574896679697,0.5201360666048754,-0.5521008706394638,0.5694844408298377,0.8101907370642049,0.8204427675993061,0.7405989624422165,0.7447624480175594,0.7288142154412772,0.7246523013514521,-0.7641989319861521,-0.7667487686841878,0.9272024483335621,1.0,0.40030406135205077,0.40028675072316716,0.8413703490556307,0.8469115551422112,-0.015247004710061584,-0.009738261087651238,0.008663213660716134,-0.18037829378638473,-0.1515315601355602,0.8079495055776934,0.9657702851549907,0.7331995360223341,-0.7691090117259987,0.03958210085738865,0.015990965190279594,0.02591185134249072,-0.017394762351410725,0.3492233292160792,0.3583269436471807,-0.3947739475656103,0.49528170010024164,0.7576641720108127,-0.4215005975186023,-0.7268802410378891,-0.7176557233798506,-0.7422483284844253,-0.029707316282373764,0.12879674827233467
Ash_Lag1,-0.038640571139388145,0.3940900977612168,0.5042393296172437,0.4535114262860041,-0.5362681222265087,0.39496722279378604,0.4767798766088569,0.19935093588925853,0.1993509358892614,0.19935093588926192,0.4070701605352076,0.879073374157485,0.47233447515419696,-0.005905206355576616,-0.04231566319271714,0.4615449518390097,0.4169254165859943,0.6866133192209308,-0.020307115840622017,0.23542222304548827,0.24138359319963604,-0.22894778364745597,0.24199243734887704,0.47243023766798187,0.4733055347833773,0.37013911471545424,0.37672468913596074,0.45167807293415974,0.4484981070269293,-0.5345339632675868,-0.531535394379643,0.40275251736881523,0.40030406135205077,1.0,0.8793827457025754,0.4690003441212612,0.46612394976887567,0.15468930684194365,0.011975172110076555,-0.017592873956289508,0.07750630477460643,0.00940246463533196,0.4732222798198225,0.4241567711012461,0.45126303275530405,-0.533179147959872,0.06094070909587481,0.03075585010029393,-0.01872471235418046,0.019226840962171626,0.3873479325021347,0.43032808280499374,-0.43137361336090896,0.14965059897744262,0.4845204790721756,0.04559634429801738,-0.38675432960909145,-0.37272602289047907,-0.2738623116955197,-0.03864057113938808,-0.0367598620175976
Ash_Lag2,-0.03744833413786777,0.39279290540389145,0.5031930997977503,0.45275603028660943,-0.5349689534057509,0.39375237968025817,0.47793638384832227,0.19406990641920932,0.1940699064192102,0.19406990641921157,0.4095899044414607,0.8064866609162139,0.47363094746192386,-0.00035236212192405847,-0.035245152692293995,0.45950558333729946,0.41557757273545587,0.6789539087733812,-0.019355156459131644,0.24039812397328145,0.2457858351705559,-0.23396612676200282,0.24692373846600482,0.4750554166879006,0.47071019758944305,0.39049351604792254,0.36658097933098627,0.44978510372105335,0.4479487999514793,-0.532628777104084,-0.5308898358511615,0.40454903167915435,0.40028675072316716,0.8793827457025754,1.0,0.47026204507678715,0.4669185480937689,0.017596105300207963,0.018174654698273215,-0.02225954006425007,0.05564100141294126,0.011272595641634518,0.47273749605027404,0.42517907143539996,0.4504273047052465,-0.5320762868531672,0.06249012016386025,0.02581943112054545,-0.018031030825378328,0.01897356392730579,0.3846378293681616,0.42758143858288405,-0.428100528908812,0.1503486165598284,0.4831619885401645,0.04788849906858361,-0.38574134009767924,-0.37404727480430605,-0.28588046775619297,-0.03744833413786732,-0.031029926787723077
Caliper_Lag1,-0.053206163036752796,0.9415351751572177,0.9480455175319663,0.9396053004054039,-0.9522464492559404,0.9416252246371511,0.9828187877096979,0.1670785707930384,0.16707857079303864,0.16707857079303898,0.8504669757584292,0.4684225877767341,0.998883752999733,-0.0029582499563373305,0.16885725610688332,0.910408171110631,0.8269465976529558,0.4372060033402224,0.18117732257898975,0.6716282992464996,0.6121788851093466,-0.66074186626062,0.6826110588062726,0.9891839680077992,0.9935477198774018,0.9439618178368315,0.9456473738903689,0.9413358351634757,0.9428298079731753,-0.9534247982163369,-0.954213647240897,0.8471073419339329,0.8413703490556307,0.4690003441212612,0.47026204507678715,1.0,0.9988824476676408,-0.010501936765503221,-0.004182081821412694,0.0008546378801586591,-0.08842779437716813,0.0026473619768578615,0.9861009397982348,0.8854734034292925,0.9490255904735008,-0.9574356697972206,0.048870174065311585,0.029256858314472656,-0.015469605445519594,-0.00565675834158344,0.5269934211328543,0.5323438179611467,-0.5645668001464355,0.7236634526629693,0.9534931795903976,-0.49906899924832304,-0.9342031854520698,-0.9443447990576237,-0.9378590254873399,-0.05320616303675303,0.1613482089876468
Caliper_Lag2,-0.052987158861422114,0.9311565792291457,0.9375427082911256,0.9290412292161789,-0.9424647320666921,0.9312503338068199,0.9745241629989978,0.158541196227851,0.15854119622784987,0.15854119622785098,0.8513223117614528,0.46469328299140106,0.9959554962946758,-0.0029745765664210746,0.17127165520336643,0.8993967759314047,0.820619810266716,0.431505142115858,0.1833686687237502,0.6714061254985089,0.6126321403519762,-0.6606834624688892,0.6822213472354969,0.9820244233829287,0.9884133362394781,0.9331155453374993,0.9355266894894914,0.9310517447654689,0.9328025344138351,-0.9436577539617855,-0.9448448036571648,0.8502260245258825,0.8469115551422112,0.46612394976887567,0.4669185480937689,0.9988824476676408,1.0,-0.007606389400877189,-0.005772859108864495,0.0010431234841598639,-0.105713619023584,-0.00325165167191284,0.9801567757379974,0.8903108957749408,0.9389036949750111,-0.9480695368161676,0.04708416576612391,0.029084983426553117,-0.015453667157081304,-0.003924617423652247,0.5148503130134359,0.5202932752229052,-0.5524977675922557,0.7140127370518735,0.9429254043461633,-0.4943431003497872,-0.9241579859651488,-0.9351593143726034,-0.9300575019169908,-0.0529871588614225,0.1633689973812734
Stock_Flow_ROC,0.0018884405697077802,0.0849786698795971,0.00815122712422107,0.010775257407468986,-0.00461228300990547,0.08432401783447481,0.007800196730817875,0.08263424919532698,0.0826342491953273,0.08263424919532804,-0.01388820742246009,-0.039059669796558456,-0.005836223792209446,0.03485119792528994,-0.012367723206620402,0.012845069397487635,-0.0005034583253970222,0.015129888728789176,-0.015491438483270085,-0.05679895267322697,-0.060023560371387036,0.057705503821681055,-0.05585792743190292,-0.01830521460316121,-0.0023352677437343755,-0.0722683299674841,0.004498228559978391,0.0064180706804950255,0.007234506402044787,-0.0026673902302642963,-0.0005007861265325185,-0.022993338495569157,-0.015247004710061584,0.15468930684194365,0.017596105300207963,-0.010501936765503221,-0.007606389400877189,1.0,0.023929295961241322,-0.014534650982351167,0.39629448006131346,0.023939868600263935,-0.003325884300240517,-0.01687394451523192,0.006222500414771425,-0.0009183944601261482,-0.004820452191345237,-0.0007461812652202187,-9.727170161625419e-05,0.00024847373738834475,0.1216435936528954,0.07298807991352713,-0.07231108413603039,0.019030832055342332,0.044894421128088474,-0.29990907085502944,-0.05408205067779112,-0.010993839621035223,-0.013412880244102953,0.0018884405697077973,-0.011045954326350827
Steam_Pressure_ROC,-0.0025751045931615892,0.0061703070516896386,0.012004080953096838,0.09584413485021831,0.0001779906147600475,0.006108356486590698,0.0016582027959592667,0.07419688231085599,0.07419688231085624,0.07419688231085685,-0.016361188473948213,0.019343940968595156,-0.002724233890541009,-0.33486705620938817,-0.013592866409734164,0.008674661326728856,-0.006867370525235158,0.0213614108068158,-0.01173741864016544,-0.055346875273622816,-0.05678587515533414,0.05611081810779972,-0.054552125488017196,0.00032772919603492524,-0.001456479901853933,0.0024108720057910062,0.0016739296750803555,-0.0860643975503109,0.002363740622586745,-0.006045250401220191,-8.755472787911872e-05,0.028169268523608675,-0.009738261087651238,0.011975172110076555,0.018174654698273215,-0.004182081821412694,-0.005772859108864495,0.023929295961241322,1.0,0.048950361048613625,0.020097575559955557,-0.11796660657347928,-0.0011899439143876712,-0.004394059488172724,0.004229929545173494,-0.00033755683592415886,0.0026907670838315634,0.0031525413976769114,0.0007384832615704303,-0.003098346669650624,0.06329901058034235,0.11788508191427174,-0.06076778553858505,0.23876724845048466,0.009498560030908433,0.3151226079809557,-0.003191633742969256,-0.0040573832576558996,0.0019128835165936025,-0.0025751045931615836,-0.010328689334348592
Machine_Speed_ROC,-0.0025242998154323348,-0.011530437898983321,-0.019435176490627773,-0.006657484649896042,0.07070949963443346,-0.012086551164702425,-0.010921689792143611,-0.10751119558079358,-0.10751119558079356,-0.10751119558079425,0.006451653126831384,-0.02734578449371348,-0.00228393821815608,0.006680546609212248,0.018810048484069603,-0.017240618099501104,-0.005223441086556129,-0.03153004616263735,0.01998401761749381,0.07326934958470123,0.07669793807152361,-0.07445605609285667,0.07203776930938167,0.0016679071370617404,-0.0039387585127618,-0.009166214643073909,-0.007229719023752355,-0.015470999519906372,-0.009431710204488394,-0.05792906852856553,0.003142746824825178,0.012947442130745808,0.008663213660716134,-0.017592873956289508,-0.02225954006425007,0.0008546378801586591,0.0010431234841598639,-0.014534650982351167,0.048950361048613625,1.0,-0.18192227910480763,-0.01719356956777204,-0.0024916319527156774,0.009053803970806766,-0.008307461390438718,0.0040237740331717535,0.012165047966703112,-0.004159129756726025,-0.0050437311134898955,0.00914092665731178,-0.0876118991704683,-0.08407061086564985,0.12831646849306472,0.10332635883045159,-0.015982023344366922,0.0208851627766794,0.03220855803362976,0.01295733733423607,0.006807660083193429,-0.0025242998154323738,0.013994734464642944
Basis_Weight_ROC,-0.0019614035293588567,0.1873655211745495,0.14938878130346983,0.1474655298025141,-0.15254538228392128,0.18727130555326704,0.051230503028845506,0.1314051042719887,0.13140510427198937,0.1314051042719892,-0.13342516245033553,-0.0006625172904483351,-0.05800297781525271,0.023954497094360868,-0.020652520162525,0.14749687436499775,0.039672482263923885,0.07519720264719468,-0.03627881284390047,-0.05874526901411154,-0.06326397696535951,0.06055036174135456,-0.05688428661984731,0.00031117560681435605,-0.018733492581353938,0.12600826128479126,0.12745531333880433,0.1439761618465626,0.14082385929942337,-0.12830867186646383,-0.12621246090453087,-0.166460041783813,-0.18037829378638473,0.07750630477460643,0.05564100141294126,-0.08842779437716813,-0.105713619023584,0.39629448006131346,0.020097575559955557,-0.18192227910480763,1.0,0.09713431821441526,0.046727252847402354,-0.1426167001876959,0.14172593996100954,-0.13034157347722605,0.04571519044991563,-0.006231597378024431,0.0040580115296577094,-0.003969671877783402,0.2032751654640252,0.17536050172723233,-0.18608570719853698,0.10664555772155106,0.1695379070238223,-0.23324740486867124,-0.17132451844283728,-0.07821480241470993,-0.05170833296516664,-0.0019614035293587517,-0.010927895344861131
Moisture_ROC,0.006272723030353297,0.03913236431304198,0.03293348108571806,0.018064551099010125,-0.035694645300272304,0.03937356616522975,0.02757501654576853,0.013128927499348379,0.013128927499348353,0.013128927499348384,0.18273979591030257,0.00485247300702673,0.00898188235993761,0.06549940825886368,-0.004094010143060046,0.03336254424014281,0.053774990058850204,0.006537715622793861,-0.008125203331256051,0.012393825549241906,0.01012077046795966,-0.012003238408093714,0.012790614967477318,0.021831821411914212,0.016221281817802472,0.03541570070138263,0.03374940209525722,0.039324522666949066,0.036847046318481874,-0.03353541318322937,-0.03183954888294764,-0.19948206421533954,-0.1515315601355602,0.00940246463533196,0.011272595641634518,0.0026473619768578615,-0.00325165167191284,0.023939868600263935,-0.11796660657347928,-0.01719356956777204,0.09713431821441526,1.0,0.020411779938422133,-0.0742384266053482,0.03251195575367927,-0.03254161097205384,-0.005381154368251598,-0.00559004173974684,0.014197365088285847,-0.008470492483861024,0.02981267934640882,0.016222973290845218,-0.028594496800011353,-0.01600485172359554,0.03642808543891658,-0.09383463392501426,-0.03723677449040794,0.0019586663395591377,-0.026907816174771407,0.006272723030353318,-0.003102260931070236
Basis_Weight_RollingMean,-0.05608185232122282,0.9745393360214918,0.9803624923646994,0.9723704417679373,-0.9835928097712306,0.9746058494497637,0.9967064120128765,0.17313895312228145,0.173138953122283,0.17313895312228278,0.8280695099439009,0.4741799817665452,0.9911454530672845,-0.00152963703364768,0.1653545260478652,0.9429930339234225,0.8388865938783285,0.44959049951443947,0.17615850221280976,0.6782918128521734,0.6186751676000269,-0.6672142336463104,0.689468613539494,0.9968202635853178,0.9962894051963814,0.9760140726626785,0.9770971123654664,0.9735977993576995,0.9746202879981419,-0.9842090899713969,-0.98453079220995,0.8186137335367619,0.8079495055776934,0.4732222798198225,0.47273749605027404,0.9861009397982348,0.9801567757379974,-0.003325884300240517,-0.0011899439143876712,-0.0024916319527156774,0.046727252847402354,0.020411779938422133,1.0,0.8582685600508715,0.9811585870894087,-0.9878108254145466,0.05852338258988465,0.02785284389075365,-0.014863642397338348,-0.006213472536929283,0.5496033877371206,0.5542800360757828,-0.5863774497894491,0.7519480729316745,0.9864832576643908,-0.5171731385701853,-0.9663237698724968,-0.9633319132604223,-0.9511287850381904,-0.05608185232122315,0.1594634311542231
Moisture_RollingMean,-0.029963800708243504,0.7896841232889747,0.8032288262721871,0.7756885922661321,-0.815845784098619,0.7898112604815488,0.8481443556168602,0.11931007496723478,0.11931007496723543,0.11931007496723521,0.9314155420527107,0.4237156104245964,0.8791467053978751,0.0005473361368104231,0.14889383042641074,0.7744883009990726,0.7651416466344008,0.4031857713435979,0.163903819296182,0.5986026172113295,0.555898350958187,-0.5894588401299579,0.6078192088696593,0.85771580531779,0.8665998715314813,0.7929660477380024,0.7960280522885982,0.777368455104523,0.779137870146874,-0.8179244293774118,-0.8198038230601882,0.9575726786070096,0.9657702851549907,0.4241567711012461,0.42517907143539996,0.8854734034292925,0.8903108957749408,-0.01687394451523192,-0.004394059488172724,0.009053803970806766,-0.1426167001876959,-0.0742384266053482,0.8582685600508715,1.0,0.784546297760983,-0.8226872530453309,0.03974653668113488,0.014364430155804334,0.023676814606849186,-0.018053458341963036,0.3707170133257659,0.3792191829392912,-0.41896198378146327,0.5265184630557029,0.8107537342664074,-0.4569798519514089,-0.7782273723221679,-0.760606439100322,-0.7877298081605181,-0.029963800708243508,0.13789454526775075
Steam_Pressure_RollingMean,-0.06734947688604695,0.9837639854509974,0.9831048765102265,0.9928733927921549,-0.9791336553246603,0.9837507104014404,0.9808761050063017,0.191100380020876,0.19110038002087681,0.1911003800208761,0.7605537680988499,0.4521770832881511,0.9588629346793505,-0.013810143358005577,0.15939657174347183,0.9428321955749204,0.8016025225610607,0.4265096907687476,0.16955953346360877,0.6516927909006355,0.5860220098158525,-0.640582238941428,0.6629095751575581,0.9760677977197247,0.9709602453661691,0.9838313549868374,0.9836048115558058,0.9931384548832859,0.9932218168234933,-0.9789020726128884,-0.9783780316041936,0.7469330226075919,0.7331995360223341,0.45126303275530405,0.4504273047052465,0.9490255904735008,0.9389036949750111,0.006222500414771425,0.004229929545173494,-0.008307461390438718,0.14172593996100954,0.03251195575367927,0.9811585870894087,0.784546297760983,1.0,-0.9815323768839629,0.054898573483336155,0.022424818399343398,-0.06032393432881754,0.006686401738771109,0.6071768683273802,0.6115954376585155,-0.6319088518767209,0.8265161165089331,0.9870029998320194,-0.4868601784792174,-0.9796693104345467,-0.972632467687652,-0.9524769395019312,-0.06734947688604731,0.15511021058542698
Machine_Speed_RollingMean,0.06001131938524872,-0.9666040477956058,-0.9863592289502726,-0.9732590302482063,0.9962170254722372,-0.9667905470547427,-0.986073076867594,-0.15951736026564345,-0.15951736026564478,-0.15951736026564395,-0.7966919619255347,-0.5343816269974717,-0.9665130816467676,0.002694403411410565,-0.15016772632186542,-0.9436794094933714,-0.8294346046090312,-0.5084495136888995,-0.15957592717505575,-0.6800525980651522,-0.6277996895502866,0.6692119679155929,-0.6909865095768359,-0.9820273007878255,-0.9776783404021145,-0.9674814802344518,-0.9680691974132505,-0.97420041219588,-0.9749419737652869,0.9965725291053134,0.9966779936629662,-0.7830295360831797,-0.7691090117259987,-0.533179147959872,-0.5320762868531672,-0.9574356697972206,-0.9480695368161676,-0.0009183944601261482,-0.00033755683592415886,0.0040237740331717535,-0.13034157347722605,-0.03254161097205384,-0.9878108254145466,-0.8226872530453309,-0.9815323768839629,1.0,-0.06624551708851653,-0.025802837686168426,0.009856325616504341,0.01949280825966006,-0.5482352907750452,-0.5582390574073894,0.5876635683705257,-0.7285036637479526,-0.9879036480091138,0.4784124545396697,0.9622564383604424,0.9508282953626072,0.9255269372087134,0.06001131938524902,-0.14610631182474904
Basis_Weight_RollingStd,-0.2619797808475953,0.04949477856791384,0.05725008355558597,0.05373745188916433,-0.06458083769593764,0.049533408922449146,0.057981055011214325,-0.043357423810800814,-0.04335742381080073,-0.043357423810801,0.03785908992892136,0.06052121255151628,0.051060295047998853,0.02269054320377257,0.008020162135854879,0.056352673025339535,0.05634814021440607,0.078755802090511,0.03736495302685087,0.08028457413077221,0.10119018364195134,-0.08017910036608926,0.08037366857646072,0.055968902442158,0.0539933090564314,0.05009039379112256,0.05023258043747778,0.053848880896498016,0.05390163447705023,-0.06547454762289452,-0.06640081513942989,0.03857637329919315,0.03958210085738865,0.06094070909587481,0.06249012016386025,0.048870174065311585,0.04708416576612391,-0.004820452191345237,0.0026907670838315634,0.012165047966703112,0.04571519044991563,-0.005381154368251598,0.05852338258988465,0.03974653668113488,0.054898573483336155,-0.06624551708851653,1.0,0.2630107432684387,-0.011962309949058772,0.0339623003813597,0.009644997499614191,0.00934077626815276,-0.007668854322436676,0.005096897596871878,0.06123786874034258,0.002352679292972137,-0.03892631961567079,-0.05938057239214123,-0.05426602847286047,-0.2619797808475965,0.005288602957873769
Moisture_RollingStd,-0.08455935331796884,0.020349045231656468,0.025349025004364336,0.02323702697378367,-0.026649594218902284,0.02009615828742874,0.02837191999318287,0.019899004875133616,0.019899004875133793,0.01989900487513385,0.011353472136471547,0.03478649475129629,0.02931643973953835,0.0013857176185559873,-0.005009884395804171,0.02906069231757633,0.023602093308249073,0.0345210817971453,0.007355186799806958,0.00786876047251413,0.01231331094675498,-0.007402423443743349,0.008344128525218384,0.028621172690502333,0.02880026002536964,0.020422295413913133,0.02006015406635074,0.02281923841721655,0.022134734220303414,-0.025964099479661544,-0.026064279394901822,0.012708325495964443,0.015990965190279594,0.03075585010029393,0.02581943112054545,0.029256858314472656,0.029084983426553117,-0.0007461812652202187,0.0031525413976769114,-0.004159129756726025,-0.006231597378024431,-0.00559004173974684,0.02785284389075365,0.014364430155804334,0.022424818399343398,-0.025802837686168426,0.2630107432684387,1.0,0.026535678307664002,-0.002930757562180566,0.026500556026117516,0.030159060966730964,-0.029209910623768633,0.003171282748065763,0.026770840209982934,0.005239835418790315,-0.015039912716756506,-0.02605183658197078,-0.020730096022062987,-0.08455935331796871,-0.0034552850053676787
Steam_Pressure_RollingStd,-0.06338950280345328,-0.008819372451216395,-0.013375069131049116,-0.06012701163770611,0.009273584802594234,-0.008900963951235732,-0.015093061698851362,-0.007143708561481096,-0.007143708561480895,-0.0071437085614811605,0.03562847097197097,-0.021403309725491173,-0.015351173005712176,0.20855965768843146,0.03435122449929183,-0.014522794001185746,-0.014535037808794886,-0.004707771196358731,0.039333858355256074,-0.006816066213303786,0.004109069576213083,0.0066027072845671496,-0.007032802372270094,-0.015297317522872634,-0.015369803702879258,-0.008852099038418482,-0.00841577271866566,-0.06008041697124415,-0.06041200642359681,0.009882543642499582,0.010213030831108832,0.02995517009352044,0.02591185134249072,-0.01872471235418046,-0.018031030825378328,-0.015469605445519594,-0.015453667157081304,-9.727170161625419e-05,0.0007384832615704303,-0.0050437311134898955,0.0040580115296577094,0.014197365088285847,-0.014863642397338348,0.023676814606849186,-0.06032393432881754,0.009856325616504341,-0.011962309949058772,0.026535678307664002,1.0,-0.025436920899974708,0.005857152236729401,-0.02872155129295028,-0.0020348777182147507,-0.12192862531730463,-0.01581718703275697,-0.1823440269087048,0.00045764106320220557,0.00995551891391612,-0.0004055093913746848,-0.06338950280345386,0.041207178809588976
Machine_Speed_RollingStd,-0.0779271129790077,0.002004768733216571,0.006519556522873634,0.005294163730711765,0.021187678449216603,0.0019607338196618355,-0.01001340526292789,-0.025585316477429954,-0.02558531647743015,-0.025585316477429936,-0.028388363490358694,0.017878145576710518,-0.006940517398790446,0.016940558257706857,0.015884431850704196,0.0006383481531713444,-0.008113691159520011,0.024803747435829037,0.009855173067949793,0.01140669510309395,0.027239646450193996,-0.011758517639400536,0.011043989471806523,-0.009463475318552147,-0.008274307951803004,0.00196483609207594,0.00264862537095268,0.006030496432241882,0.006079032481677663,0.020122644366337514,0.01927145097345645,-0.025144714515861075,-0.017394762351410725,0.019226840962171626,0.01897356392730579,-0.00565675834158344,-0.003924617423652247,0.00024847373738834475,-0.003098346669650624,0.00914092665731178,-0.003969671877783402,-0.008470492483861024,-0.006213472536929283,-0.018053458341963036,0.006686401738771109,0.01949280825966006,0.0339623003813597,-0.002930757562180566,-0.025436920899974708,1.0,-0.031818366931599285,-0.02667658471273751,0.05006626906407795,0.0596165628568238,0.0009967584759355682,0.00850216240933811,-0.0005622792716369436,-0.004952817364953443,0.001633190791675493,-0.07792711297900841,0.020233686462460165
StockFlow_Deviation,-0.04366662953612898,0.6045366922747297,0.6190111989994153,0.6248991199427681,-0.5681122907056827,0.6044071744600945,0.5707367065867004,0.7575625490318834,0.7575625490318747,0.7575625490318771,0.3728261099919824,0.3765186935362117,0.539414726955365,0.008021008794436986,0.1089885806884706,0.569332845062625,0.4087594334924942,0.3834515044591058,0.11561951675424186,-0.1147070999121397,-0.17003032745259936,0.1276918022906311,-0.10139260689017611,0.5586304586985029,0.5480796517467242,0.5859134228203857,0.5750032385782442,0.6139914063665968,0.6031302162287182,-0.5573225733314163,-0.5463615907088774,0.36055837220134157,0.3492233292160792,0.3873479325021347,0.3846378293681616,0.5269934211328543,0.5148503130134359,0.1216435936528954,0.06329901058034235,-0.0876118991704683,0.2032751654640252,0.02981267934640882,0.5496033877371206,0.3707170133257659,0.6071768683273802,-0.5482352907750452,0.009644997499614191,0.026500556026117516,0.005857152236729401,-0.031818366931599285,1.0,0.9845002856009647,-0.9847234657551308,0.6172482167366659,0.6090494430314937,-0.24897902243363992,-0.5998427477329553,-0.594745433791371,-0.5518376164030593,-0.04366662953612881,0.11507369329320735
Steam_Deviation,-0.04032098087874318,0.5937517857754074,0.625791921064549,0.6373014872777882,-0.5777152697066202,0.5937632369526703,0.5739327902938754,0.7611368281778073,0.7611368281778085,0.7611368281778077,0.37645243743064205,0.4338876702876371,0.5442054218588398,-0.0346707558026563,0.08916998610725764,0.574115633688115,0.4143145565412522,0.425135203323382,0.0975310506521656,-0.11483900612000189,-0.17012394723656674,0.1278896836530725,-0.10145696809275162,0.5637025132171908,0.5532354167515612,0.5828046041829168,0.5718137438510039,0.6163959364316347,0.6053068229402121,-0.5673973992523453,-0.5564509578253473,0.3694074471575646,0.3583269436471807,0.43032808280499374,0.42758143858288405,0.5323438179611467,0.5202932752229052,0.07298807991352713,0.11788508191427174,-0.08407061086564985,0.17536050172723233,0.016222973290845218,0.5542800360757828,0.3792191829392912,0.6115954376585155,-0.5582390574073894,0.00934077626815276,0.030159060966730964,-0.02872155129295028,-0.02667658471273751,0.9845002856009647,1.0,-0.9826543596726315,0.6241679932476645,0.6107528515842722,-0.15721642665253566,-0.5902547122103151,-0.5879529401022296,-0.5371183668065457,-0.04032098087874282,0.09531783674569827
Speed_Deviation,0.03705406369063039,-0.6244045593754065,-0.6547259471461668,-0.6491078973928218,0.6116654620323487,-0.6244551511505191,-0.6064414699920042,-0.7912275607841037,-0.7912275607841022,-0.7912275607840996,-0.41801949386473164,-0.4352032086371474,-0.57660744148375,-0.00211702631130662,-0.1036356806319841,-0.6034020054118102,-0.4524631612391462,-0.42803473695733063,-0.11138807572485541,0.11139366412980828,0.17088095077910298,-0.1250522101726239,0.09739038729160568,-0.5955814533199603,-0.5851307136032112,-0.6135929551737681,-0.6026469639943738,-0.6386897022282043,-0.6277637098825987,0.5956454518370021,0.584571449750186,-0.4061267787469609,-0.3947739475656103,-0.43137361336090896,-0.428100528908812,-0.5645668001464355,-0.5524977675922557,-0.07231108413603039,-0.06076778553858505,0.12831646849306472,-0.18608570719853698,-0.028594496800011353,-0.5863774497894491,-0.41896198378146327,-0.6319088518767209,0.5876635683705257,-0.007668854322436676,-0.029209910623768633,-0.0020348777182147507,0.05006626906407795,-0.9847234657551308,-0.9826543596726315,1.0,-0.5931851899430383,-0.6413559438576393,0.24026975828282615,0.6214504876657778,0.615645496305825,0.5694643493775541,0.03705406369063054,-0.10941418516866189
Steam_x_Speed,-0.09897631936178512,0.8200616950047211,0.7680654905997137,0.8571965579094282,-0.717490963843779,0.8193605303868039,0.7538835603213918,0.2384516081184679,0.2384516081184685,0.2384516081184701,0.5022667260475583,0.15100172598509326,0.7326079180709357,-0.15007605442926147,0.1641539158421236,0.7343787076526744,0.5546261889375234,0.13440588008223683,0.17253194419629617,0.4309045574047168,0.3582476063552573,-0.4214414750089523,0.4404872542482886,0.7503111607653429,0.744606598926556,0.8179432429333223,0.815937569131931,0.8139762073546806,0.8125458886679637,-0.73158595702482,-0.729505697909294,0.5078183175858233,0.49528170010024164,0.14965059897744262,0.1503486165598284,0.7236634526629693,0.7140127370518735,0.019030832055342332,0.23876724845048466,0.10332635883045159,0.10664555772155106,-0.01600485172359554,0.7519480729316745,0.5265184630557029,0.8265161165089331,-0.7285036637479526,0.005096897596871878,0.003171282748065763,-0.12192862531730463,0.0596165628568238,0.6172482167366659,0.6241679932476645,-0.5931851899430383,1.0,0.7699433072584804,-0.3291715800771337,-0.8275092164237938,-0.838107894283732,-0.8344822746825167,-0.09897631936178582,0.16127913938328578
Stock_x_Filler,-0.053820563576992,0.986460354376686,0.9954254436807598,0.9814714690438818,-0.9870235383250445,0.9864762683605873,0.9883860738611536,0.23627379706279628,0.2362737970627968,0.2362737970627977,0.7879135974192524,0.48864848925481374,0.9641660868011115,0.014161782385150387,0.14675677223248226,0.9526723266191618,0.8278177334630448,0.46564341156249445,0.15759695582754904,0.623282436112841,0.5623665332091028,-0.611645914915583,0.6350441248166236,0.9816794225572905,0.9760411256491206,0.9803914313107036,0.9797195097984427,0.9807601910496981,0.9803148220401906,-0.9858128487599481,-0.9845759232995918,0.7727196922696785,0.7576641720108127,0.4845204790721756,0.4831619885401645,0.9534931795903976,0.9429254043461633,0.044894421128088474,0.009498560030908433,-0.015982023344366922,0.1695379070238223,0.03642808543891658,0.9864832576643908,0.8107537342664074,0.9870029998320194,-0.9879036480091138,0.06123786874034258,0.026770840209982934,-0.01581718703275697,0.0009967584759355682,0.6090494430314937,0.6107528515842722,-0.6413559438576393,0.7699433072584804,1.0,-0.5325498231579773,-0.9753792294697536,-0.9616658277128483,-0.9412266453181257,-0.05382056357699248,0.143318826351141
Steam_per_Stock,0.04145368249952036,-0.6139318970732113,-0.49943302663628564,-0.4347181465130816,0.47858679047560715,-0.6130298679280964,-0.5244838300435966,-0.1695218440301251,-0.16952184403012482,-0.1695218440301258,-0.46661256220693564,0.13498035845037581,-0.5066006110572818,-0.23870501217258006,-0.19048038404696999,-0.49582601456958914,-0.4693514137646449,0.0437089441628964,-0.17438334756697943,-0.2970114520535224,-0.271594149648028,0.29039129349742304,-0.3037163319767055,-0.5112643692362472,-0.5091215003704337,-0.5670032462532861,-0.568917155062388,-0.4934715477259996,-0.4952142092673378,0.4762701475503293,0.47612855149967126,-0.42954672718853343,-0.4215005975186023,0.04559634429801738,0.04788849906858361,-0.49906899924832304,-0.4943431003497872,-0.29990907085502944,0.3151226079809557,0.0208851627766794,-0.23324740486867124,-0.09383463392501426,-0.5171731385701853,-0.4569798519514089,-0.4868601784792174,0.4784124545396697,0.002352679292972137,0.005239835418790315,-0.1823440269087048,0.00850216240933811,-0.24897902243363992,-0.15721642665253566,0.24026975828282615,-0.3291715800771337,-0.5325498231579773,1.0,0.6120880200640592,0.5814943601522642,0.6390915148034071,0.0414536824995214,-0.1852996156412031
Speed_per_Stock,0.0820952527407215,-0.9932292540982346,-0.9710178203649025,-0.9725352133137776,0.9626383210211806,-0.9930193680322754,-0.9678325773320102,-0.22483771646433803,-0.22483771646433998,-0.22483771646433792,-0.7566562289735541,-0.3742622742542322,-0.9444934355129541,-0.0014811795318879675,-0.19227453600055677,-0.9289602000318801,-0.7949041253766576,-0.3675825351174821,-0.19536485030687525,-0.6153054584635924,-0.5577326244905886,0.6039767134969852,-0.6267540638029162,-0.9609575826015367,-0.9558230117376952,-0.9857158623341532,-0.9856247085962414,-0.9729650603556713,-0.9731584005175832,0.959289535311493,0.9585240214744601,-0.7412503764479695,-0.7268802410378891,-0.38675432960909145,-0.38574134009767924,-0.9342031854520698,-0.9241579859651488,-0.05408205067779112,-0.003191633742969256,0.03220855803362976,-0.17132451844283728,-0.03723677449040794,-0.9663237698724968,-0.7782273723221679,-0.9796693104345467,0.9622564383604424,-0.03892631961567079,-0.015039912716756506,0.00045764106320220557,-0.0005622792716369436,-0.5998427477329553,-0.5902547122103151,0.6214504876657778,-0.8275092164237938,-0.9753792294697536,0.6120880200640592,1.0,0.9888179019261074,0.9810990664315938,0.08209525274072207,-0.1880091605819246
Moisture_per_BW,0.08696868131648537,-0.979652005025106,-0.9599888521057339,-0.9658015828377001,0.9489953594904866,-0.9794637867079282,-0.9671946703998999,-0.2184585210458008,-0.21845852104580296,-0.21845852104580232,-0.7236206348328837,-0.3699720273940566,-0.952628073363675,0.004090510122328108,-0.19801030794913832,-0.9174788012139767,-0.7824504563160485,-0.35509864231068733,-0.2017581263051087,-0.619661149222606,-0.5604247934224231,0.6084027228234521,-0.6310367736807238,-0.9640830961366527,-0.9599434918662122,-0.9788085480656745,-0.9781781651137196,-0.9660256615962084,-0.9661644563729244,0.9482937703276663,0.9475312103131341,-0.7227586110322984,-0.7176557233798506,-0.37272602289047907,-0.37404727480430605,-0.9443447990576237,-0.9351593143726034,-0.010993839621035223,-0.0040573832576558996,0.01295733733423607,-0.07821480241470993,0.0019586663395591377,-0.9633319132604223,-0.760606439100322,-0.972632467687652,0.9508282953626072,-0.05938057239214123,-0.02605183658197078,0.00995551891391612,-0.004952817364953443,-0.594745433791371,-0.5879529401022296,0.615645496305825,-0.838107894283732,-0.9616658277128483,0.5814943601522642,0.9888179019261074,1.0,0.9866860234861954,0.0869686813164863,-0.19363906892640695
Ash_per_BW,0.07285924485259769,-0.9731968044705537,-0.9326488563251202,-0.9437543924471945,0.922356172658527,-0.9728739451817336,-0.9541342827779771,-0.19360678693140557,-0.1936067869314038,-0.19360678693140398,-0.76733079988087,-0.25367211055084804,-0.9446063422775476,0.005670531707826994,-0.21349458283407835,-0.8988333347776132,-0.7815511984678964,-0.2814440068787662,-0.2144447419792094,-0.6280292800539261,-0.5652955222025187,0.6171438023638367,-0.6390212929592778,-0.9523908372152137,-0.9496141181441466,-0.971930977341621,-0.9713067972352124,-0.945098368819169,-0.9461840797773985,0.9224393554031358,0.9224078399935012,-0.7550956886154361,-0.7422483284844253,-0.2738623116955197,-0.28588046775619297,-0.9378590254873399,-0.9300575019169908,-0.013412880244102953,0.0019128835165936025,0.006807660083193429,-0.05170833296516664,-0.026907816174771407,-0.9511287850381904,-0.7877298081605181,-0.9524769395019312,0.9255269372087134,-0.05426602847286047,-0.020730096022062987,-0.0004055093913746848,0.001633190791675493,-0.5518376164030593,-0.5371183668065457,0.5694643493775541,-0.8344822746825167,-0.9412266453181257,0.6390915148034071,0.9810990664315938,0.9866860234861954,1.0,0.07285924485259752,-0.2072728211019693
Transition_Progress,0.9999999999999959,-0.06926080000084411,-0.06272860933195072,-0.06645217354287954,0.05977000784201577,-0.06891113530699168,-0.05397537760523174,1.8972328222152126e-16,1.0021506400858474e-16,2.454971860611351e-16,-0.026091550552415525,-0.04024075684385784,-0.053416991620331596,-0.007651932456623278,-0.19706446199010574,-0.04302849288646988,-0.0245519684443668,-0.043883929527382605,-0.18179007813009693,-0.04389653394623212,-0.1703501143880682,0.04339121791158164,-0.044403335946883206,-0.05429786101868112,-0.05456826726137568,-0.06948485887683283,-0.06968030169113448,-0.06637293598649087,-0.06623380189444072,0.05992263680904675,0.05996666790722993,-0.027644638177998428,-0.029707316282373764,-0.03864057113938808,-0.03744833413786732,-0.05320616303675303,-0.0529871588614225,0.0018884405697077973,-0.0025751045931615836,-0.0025242998154323738,-0.0019614035293587517,0.006272723030353318,-0.05608185232122315,-0.029963800708243508,-0.06734947688604731,0.06001131938524902,-0.2619797808475965,-0.08455935331796871,-0.06338950280345386,-0.07792711297900841,-0.04366662953612881,-0.04032098087874282,0.03705406369063054,-0.09897631936178582,-0.05382056357699248,0.0414536824995214,0.08209525274072207,0.0869686813164863,0.07285924485259752,1.0,-0.1847128553149026
Near_OffSpec,-0.18471285531490192,0.16911944085405498,0.14272208756162325,0.1488169593710937,-0.1413716503994887,0.16878545130197029,0.15423564708161125,0.019809795628716813,0.01980979562871651,0.019809795628716508,0.12495324228274796,-0.04265885273572984,0.16010338915925146,0.016946671450182547,0.8987453788468981,0.09678578611586916,0.10829695140359002,-0.04645341793470482,0.5234243031333591,0.1102980706155377,0.12115392898330125,-0.10865430060357803,0.1119542997501856,0.15506922367324322,0.15739269338350628,0.17096547621149924,0.17300534360258385,0.15085355080958532,0.15345089600955397,-0.1432354950159969,-0.14576633415869042,0.1259261324989081,0.12879674827233467,-0.0367598620175976,-0.031029926787723077,0.1613482089876468,0.1633689973812734,-0.011045954326350827,-0.010328689334348592,0.013994734464642944,-0.010927895344861131,-0.003102260931070236,0.1594634311542231,0.13789454526775075,0.15511021058542698,-0.14610631182474904,0.005288602957873769,-0.0034552850053676787,0.041207178809588976,0.020233686462460165,0.11507369329320735,0.09531783674569827,-0.10941418516866189,0.16127913938328578,0.143318826351141,-0.1852996156412031,-0.1880091605819246,-0.19363906892640695,-0.2072728211019693,-0.1847128553149026,1.0
